<?xml version="1.0" encoding="UTF-8"?>
<project version="4">
  <component name="ChangeListManager">
    <list default="true" id="fc978e7f-b4aa-42c0-9f12-0a904ba8c1cf" name="Default Changelist" comment="" />
    <option name="EXCLUDED_CONVERTED_TO_IGNORED" value="true" />
    <option name="SHOW_DIALOG" value="false" />
    <option name="HIGHLIGHT_CONFLICTS" value="true" />
    <option name="HIGHLIGHT_NON_ACTIVE_CHANGELIST" value="false" />
    <option name="LAST_RESOLUTION" value="IGNORE" />
  </component>
  <component name="DefaultGradleProjectSettings">
    <option name="testRunner" value="GRADLE" />
    <option name="delegatedBuild" value="true" />
  </component>
  <component name="FileEditorManager">
    <leaf SIDE_TABS_SIZE_LIMIT_KEY="300">
      <file pinned="false" current-in-tab="true">
        <entry file="file://$PROJECT_DIR$/acompanhantes/index.html">
          <provider selected="true" editor-type-id="text-editor" />
        </entry>
      </file>
    </leaf>
  </component>
  <component name="ProjectFrameBounds" extendedState="6">
    <option name="x" value="260" />
    <option name="y" value="20" />
    <option name="width" value="1400" />
    <option name="height" value="992" />
  </component>
  <component name="ProjectView">
    <navigator currentView="ProjectPane" proportions="" version="1">
      <foldersAlwaysOnTop value="true" />
    </navigator>
    <panes>
      <pane id="PackagesPane" />
      <pane id="ProjectPane">
        <subPane>
          <expand>
            <path>
              <item name="deploy" type="b2602c69:ProjectViewProjectNode" />
              <item name="deploy" type="462c0819:PsiDirectoryNode" />
            </path>
            <path>
              <item name="deploy" type="b2602c69:ProjectViewProjectNode" />
              <item name="deploy" type="462c0819:PsiDirectoryNode" />
              <item name="acompanhantes" type="462c0819:PsiDirectoryNode" />
            </path>
            <path>
              <item name="deploy" type="b2602c69:ProjectViewProjectNode" />
              <item name="deploy" type="462c0819:PsiDirectoryNode" />
              <item name="admin" type="462c0819:PsiDirectoryNode" />
            </path>
          </expand>
          <select />
        </subPane>
      </pane>
      <pane id="Scope" />
    </panes>
  </component>
  <component name="PropertiesComponent">
    <property name="android.sdk.path" value="E:/SDK" />
    <property name="last_opened_file_path" value="$PROJECT_DIR$" />
    <property name="project.structure.last.edited" value="Project" />
    <property name="project.structure.proportion" value="0.0" />
    <property name="project.structure.side.proportion" value="0.0" />
    <property name="settings.editor.selected.configurable" value="reference.settings.ide.settings.file-colors" />
  </component>
  <component name="RunDashboard">
    <option name="ruleStates">
      <list>
        <RuleState>
          <option name="name" value="ConfigurationTypeDashboardGroupingRule" />
        </RuleState>
        <RuleState>
          <option name="name" value="StatusDashboardGroupingRule" />
        </RuleState>
      </list>
    </option>
  </component>
  <component name="SvnConfiguration">
    <configuration />
  </component>
  <component name="TaskManager">
    <task active="true" id="Default" summary="Default task">
      <changelist id="fc978e7f-b4aa-42c0-9f12-0a904ba8c1cf" name="Default Changelist" comment="" />
      <created>1761325856447</created>
      <option name="number" value="Default" />
      <option name="presentableId" value="Default" />
      <updated>1761325856447</updated>
    </task>
    <servers />
  </component>
  <component name="ToolWindowManager">
    <frame x="-8" y="-8" width="1936" height="1048" extended-state="6" />
    <layout>
      <window_info id="Captures" order="0" weight="0.25" />
      <window_info active="true" content_ui="combo" id="Project" order="1" visible="true" weight="0.2365648" />
      <window_info id="Structure" order="2" side_tool="true" />
      <window_info id="Image Layers" order="3" />
      <window_info id="Designer" order="4" />
      <window_info id="Resources Explorer" order="5" />
      <window_info id="Capture Tool" order="6" />
      <window_info id="Favorites" order="7" side_tool="true" />
      <window_info anchor="bottom" id="Version Control" order="0" />
      <window_info anchor="bottom" id="TODO" order="1" />
      <window_info anchor="bottom" id="Terminal" order="2" />
      <window_info anchor="bottom" id="Event Log" order="3" side_tool="true" />
      <window_info anchor="right" id="Capture Analysis" order="0" />
      <window_info anchor="right" id="Theme Preview" order="1" />
      <window_info anchor="right" id="Palette&#9;" order="2" />
    </layout>
  </component>
  <component name="editorHistoryManager">
    <entry file="file://$PROJECT_DIR$/acompanhantes/index.html">
      <provider selected="true" editor-type-id="text-editor" />
    </entry>
  </component>
  <component name="masterDetails">
    <states>
      <state key="ArtifactsStructureConfigurable.UI">
        <settings>
          <artifact-editor />
          <splitter-proportions>
            <option name="proportions">
              <list>
                <option value="0.2" />
              </list>
            </option>
          </splitter-proportions>
        </settings>
      </state>
      <state key="FacetStructureConfigurable.UI">
        <settings>
          <splitter-proportions>
            <option name="proportions">
              <list>
                <option value="0.2" />
              </list>
            </option>
          </splitter-proportions>
        </settings>
      </state>
      <state key="GlobalLibrariesConfigurable.UI">
        <settings>
          <splitter-proportions>
            <option name="proportions">
              <list>
                <option value="0.2" />
              </list>
            </option>
          </splitter-proportions>
        </settings>
      </state>
      <state key="JdkListConfigurable.UI">
        <settings>
          <splitter-proportions>
            <option name="proportions">
              <list>
                <option value="0.2" />
              </list>
            </option>
          </splitter-proportions>
        </settings>
      </state>
      <state key="ModuleStructureConfigurable.UI">
        <settings>
          <splitter-proportions>
            <option name="proportions">
              <list>
                <option value="0.2" />
              </list>
            </option>
          </splitter-proportions>
        </settings>
      </state>
      <state key="ProjectLibrariesConfigurable.UI">
        <settings>
          <splitter-proportions>
            <option name="proportions">
              <list>
                <option value="0.2" />
              </list>
            </option>
          </splitter-proportions>
        </settings>
      </state>
    </states>
  </component>
</project>